ID,Item title,Final URL,Image URL,Item description,Price,Item address,Item category,Contextual keywords
260012534,4850 US-50,https://www.renosparkshomes.com/listing-detail/1190108237/4850-US-50-Silver-Springs-NV,https://img.chime.me/imageemb/mls-listing/974/260012534/2a7e93c9/1790783962/original_HMABDoAgCADAFwVEltlvnK1cpTBlvb-ty2baN8S0V9AsJh26xnbrE-2QViBJwfoiEy8UODA7PzteaZw8_QaBS88vAAD__w-jpg.webp,,130000 USD,"4850 US-50, Silver Springs, NV",land,Silver Springs;homes for sale
260011124,17533 Javalina CT,https://www.renosparkshomes.com/listing-detail/1188286084/17533-Javalina-CT-Reno-NV,https://img.chime.me/imageemb/mls-listing/974/260011124/bd96f449/1789401553/original_HMANCoUgDADgE739PWrRbcQoqXRDR-cP-kqEjxUxbw28WNiA4alffqfYrVfIVrE9KCQzLaLCf52UVJmZPj-D0483AAD__w-jpg.webp,,465000 USD,"17533 Javalina CT, Reno, NV",house,Reno;homes for sale
260011058,1985 Fir ST,https://www.renosparkshomes.com/listing-detail/1188225742/1985-Fir-ST-Silver-Springs-NV,https://img.chime.me/imageemb/mls-listing/974/260011058/e456d079/1787931029/original_HMABCoAgDADAF7XNiSb9RoySSjd09P6gq2Y6N8Syd9AqJhOm5nHrk-2Q0aBIw_4iE0dKHJm8Cxx8Wh3TbxG49PwCAAD__w-jpg.webp,,450000 USD,"1985 Fir ST, Silver Springs, NV",house,Silver Springs;homes for sale
260010063,7318 La Costa,https://www.renosparkshomes.com/listing-detail/1187066029/7318-La-Costa-Sparks-NV,https://img.chime.me/imageemb/mls-listing/974/260010063/38a1ccfd/1788195608/original_HMABCoUgDAbgE73tf6Yl3UaMkko3dHT-oK-Y6ViZ89ZIi5gMGpr6pXeyXXqlLJXbww5uRoR3f0S_BIQpenx-QqcebwAAAP__-jpg.webp,,700000 USD,"7318 La Costa, Sparks, NV",house,Sparks;homes for sale
260009156,3471 E Garden,https://www.renosparkshomes.com/listing-detail/1186020881/3471-E-Garden-Carson-City-NV,https://img.chime.me/imageemb/mls-listing/974/260009156/c0823e5c/1784313887/original_HMABDoUgCADQE31AvyV1G2crVylMWedv6xUzHSti3hpoEZMBQ1O_9E62S6-QpWJ70JOfKbro2DP9A3OYFvr8BE493gAAAP__-jpg.webp,,465000 USD,"3471 E Garden, Carson City, NV",house,Carson City;homes for sale
260008656,27 McClellan Peak DR,https://www.renosparkshomes.com/listing-detail/1185424189/27-McClellan-Peak-DR-Carson-City-NV,https://img.chime.me/imageemb/mls-listing/974/260008656/f968be24/1783462460/original_HMABCoAgDADAF7XNgU36jRgllW7o6P1BV91tbohl72BVXSdMy-O2J_uho0HRhv1FJl5JSEKKIaYozBLotyhcdn4BAAD__w-jpg.webp,,550000 USD,"27 McClellan Peak DR, Carson City, NV",house,Carson City;homes for sale
260006751,8015 Flint Springs,https://www.renosparkshomes.com/listing-detail/1183015387/8015-Flint-Springs-Sun-Valley-NV,https://img.chime.me/imageemb/mls-listing/974/260006751/5300b1d6/1782247457/original_HMABCoUgDAbgE71N_qeJ3UaMkko3dHT-oK-a6VyZy9ZJq5hMmprHpXe2XUajIo37w3BYXEAE_in4mOAR3OcndOrxBgAA__8-jpg.webp,,620000 USD,"8015 Flint Springs, Sun Valley, NV",house,Sun Valley;homes for sale
1171390534,2712 Copper Flats Dr,https://www.renosparkshomes.com/listing-detail/1171390534/2712-Copper-Flats-Dr-Reno-NV,https://cdn.lofty.com/image/fs/317646961813222/website/12213/mls-listing/2025930_37ef6b8ef645405b-jpeg.webp,,975000 USD,"2712 Copper Flats Dr, Reno, NV",house,Reno;homes for sale
1163296626,486 Niles Way,https://www.renosparkshomes.com/listing-detail/1163296626/486-Niles-Way-Reno-NV,https://cdn.lofty.com/image/fs/317646961813222/website/12213/mls-listing/2025522__609d27f40c5b4736-jpeg.webp,,349000 USD,"486 Niles Way, Reno, NV",house,Reno;homes for sale
1163296477,2020 Dickerson Rd,https://www.renosparkshomes.com/listing-detail/1163296477/2020-Dickerson-Rd-Reno-NV,https://cdn.lofty.com/image/fs/317646961813222/website/12213/mls-listing/2025522__c3201b71737d439d-jpeg.webp,,479000 USD,"2020 Dickerson Rd, Reno, NV",house,Reno;homes for sale
