home_listing_id,name,availability,address,listing_type,property_type,price,num_beds,num_baths,area_size,area_unit,url,image[0].url,image[1].url,image[2].url,description,neighborhood[0]
260012534,4850 US-50,available_for_sale,"{""addr1"":""4850 US-50"",""city"":""Silver Springs"",""region"":""NV"",""country"":""US"",""postal_code"":""89429""}",for_sale_by_agent,land,130000 USD,,,169013,sq_ft,https://www.renosparkshomes.com/listing-detail/1190108237/4850-US-50-Silver-Springs-NV,https://img.chime.me/imageemb/mls-listing/974/260012534/2a7e93c9/1790783962/original_HMABDoAgCADAFwVEltlvnK1cpTBlvb-ty2baN8S0V9AsJh26xnbrE-2QViBJwfoiEy8UODA7PzteaZw8_QaBS88vAAD__w-jpg.webp,https://img.chime.me/imageemb/mls-listing/974/260012534/e85595bb/1790783962/original_HMABCoUgDAbgE73N9yuG3UaMkko3dHT-oK-a6VyZy9ZJq5hMmprHpXe2XUajIo37w3CILiEBYfHRxz8Q3OcndOrxBgAA__8-jpg.webp,https://img.chime.me/imageemb/mls-listing/974/260012534/c9882173/1790783962/original_HMABDoUgCADQE33gMyvtNs5WrlKYsM7f1qvuaiti2TpoFRcD0zwuvbPvMhoUadgfZOKZEifmsEwUIsXwp89P4NTjDQAA__8-jpg.webp,,
260011124,17533 Javalina CT,available_for_sale,"{""addr1"":""17533 Javalina CT"",""city"":""Reno"",""region"":""NV"",""country"":""US"",""postal_code"":""89508""}",for_sale_by_agent,house,465000 USD,3,2,1696,sq_ft,https://www.renosparkshomes.com/listing-detail/1188286084/17533-Javalina-CT-Reno-NV,https://img.chime.me/imageemb/mls-listing/974/260011124/bd96f449/1789401553/original_HMANCoUgDADgE739PWrRbcQoqXRDR-cP-kqEjxUxbw28WNiA4alffqfYrVfIVrE9KCQzLaLCf52UVJmZPj-D0483AAD__w-jpg.webp,https://img.chime.me/imageemb/mls-listing/974/260011124/541390e6/1789401553/original_HMABCoUgDADQE_1NJ79JtxGjpNINNzp_0Gvuaiti3QZoExcD0zIvvYvvMjtU6TgepEBLyMQUE_85ck7E4fMTOPV4AwAA__8-jpg.webp,https://img.chime.me/imageemb/mls-listing/974/260011124/b6a58875/1789401553/original_HMABCoUgDAbgE71N_5cZ3UaMkko3dHT-oK-Y6ViZ89ZIi5gMGpr6pXeyXXqlLJXbw3CY3YII_48hApMPwX1-QqcebwAAAP__-jpg.webp,,
260011058,1985 Fir ST,pending,"{""addr1"":""1985 Fir ST"",""city"":""Silver Springs"",""region"":""NV"",""country"":""US"",""postal_code"":""89429""}",for_sale_by_agent,house,450000 USD,4,2,2280,sq_ft,https://www.renosparkshomes.com/listing-detail/1188225742/1985-Fir-ST-Silver-Springs-NV,https://img.chime.me/imageemb/mls-listing/974/260011058/e456d079/1787931029/original_HMABCoAgDADAF7XNiSb9RoySSjd09P6gq2Y6N8Syd9AqJhOm5nHrk-2Q0aBIw_4iE0dKHJm8Cxx8Wh3TbxG49PwCAAD__w-jpg.webp,https://img.chime.me/imageemb/mls-listing/974/260011058/bf191216/1787931029/original_HMABCoUgDAbgE71t_o9Euo0YJZVu6Oj8QV91t7kyl62TVXWdNC2Py-7su45GRRv3hyGIkhAhfwkRCCEt8vkpnXa8AQAA__8-jpg.webp,https://img.chime.me/imageemb/mls-listing/974/260011058/ab694dab/1787931029/original_HMABCoUgDADQE_1tX02024hRUumGG50_6DUz0RWxbgOksbGCSpmX3MV2nh0qdxwPOnKRkov_vATyIafsPX1-DKccbwAAAP__-jpg.webp,,
260010063,7318 La Costa,available_for_sale,"{""addr1"":""7318 La Costa"",""city"":""Sparks"",""region"":""NV"",""country"":""US"",""postal_code"":""89436""}",for_sale_by_agent,house,700000 USD,4,3,2703,sq_ft,https://www.renosparkshomes.com/listing-detail/1187066029/7318-La-Costa-Sparks-NV,https://img.chime.me/imageemb/mls-listing/974/260010063/38a1ccfd/1788195608/original_HMABCoUgDAbgE73tf6Yl3UaMkko3dHT-oK-Y6ViZ89ZIi5gMGpr6pXeyXXqlLJXbww5uRoR3f0S_BIQpenx-QqcebwAAAP__-jpg.webp,https://img.chime.me/imageemb/mls-listing/974/260010063/b74a54d7/1788195608/original_HMALCoAgDADQE7X5QdNuI0ZJpRtudP6g11RZNsS6D-BGSgLCZd78FD1odqjUcbzojIsmeWtjCN6nHENezW8huPj8AgAA__8-jpg.webp,https://img.chime.me/imageemb/mls-listing/974/260010063/886fafaa/1788195608/original_HMABCoAgDADAF7VNs5R-I0ZJpRtu9P6gq2aiG2LZO0hlYwWVPG55sh08GhRu2F_05FdKFLyjtKQYwhwd_SaGS84vAAD__w-jpg.webp,,
260009156,3471 E Garden,pending,"{""addr1"":""3471 E Garden"",""city"":""Carson City"",""region"":""NV"",""country"":""US"",""postal_code"":""89705""}",for_sale_by_agent,house,465000 USD,4,3,2066,sq_ft,https://www.renosparkshomes.com/listing-detail/1186020881/3471-E-Garden-Carson-City-NV,https://img.chime.me/imageemb/mls-listing/974/260009156/c0823e5c/1784313887/original_HMABDoUgCADQE31AvyV1G2crVylMWedv6xUzHSti3hpoEZMBQ1O_9E62S6-QpWJ70JOfKbro2DP9A3OYFvr8BE493gAAAP__-jpg.webp,https://img.chime.me/imageemb/mls-listing/974/260009156/69c90bc1/1784313887/original_HMABDoUgCADQE31A90vqNs5WrlKYsM7f1qvuaiti2TpoFRcD0zwuvbPvMhoUadgfjBRnSiEFjhwm4j8vTJ-fwKnHGwAA__8-jpg.webp,https://img.chime.me/imageemb/mls-listing/974/260009156/cd67b1ca/1784313887/original_HMABCoAgDADAF7WphbN-I0ZJpRtu9P6gq2aiG2LZO0hlYwWVPG55sh08GhRu2F8MLkRHnnwKycc4L0Sr-00Ml5xfAAAA__8-jpg.webp,,
260008656,27 McClellan Peak DR,available_for_sale,"{""addr1"":""27 McClellan Peak DR"",""city"":""Carson City"",""region"":""NV"",""country"":""US"",""postal_code"":""89706""}",for_sale_by_agent,house,550000 USD,3,3,2408,sq_ft,https://www.renosparkshomes.com/listing-detail/1185424189/27-McClellan-Peak-DR-Carson-City-NV,https://img.chime.me/imageemb/mls-listing/974/260008656/f968be24/1783462460/original_HMABCoAgDADAF7XNgU36jRgllW7o6P1BV91tbohl72BVXSdMy-O2J_uho0HRhv1FJl5JSEKKIaYozBLotyhcdn4BAAD__w-jpg.webp,https://img.chime.me/imageemb/mls-listing/974/260008656/07b8e55a/1783462460/original_JMBRDoAgCADQEwVopdVtnK1cpTBhnb-PXjET3RDz3kAKGyuopH7Lk-zgXiFzxfaiJx8oUnTL7GicaI2BfgPDJecXAAD__w-jpg.webp,https://img.chime.me/imageemb/mls-listing/974/260008656/5c871c3d/1783462460/original_HMABCoUgDADQE_1tyl9KtxGjpNINNzp_0Gvuaiti3QZoExcD0zIvvYvvMjtU6TgejBQXSpRC5sCcY6A_0-cncOrxBgAA__8-jpg.webp,,
260006751,8015 Flint Springs,available_for_sale,"{""addr1"":""8015 Flint Springs"",""city"":""Sun Valley"",""region"":""NV"",""country"":""US"",""postal_code"":""89433""}",for_sale_by_agent,house,620000 USD,4,4,2941,sq_ft,https://www.renosparkshomes.com/listing-detail/1183015387/8015-Flint-Springs-Sun-Valley-NV,https://img.chime.me/imageemb/mls-listing/974/260006751/5300b1d6/1782247457/original_HMABCoUgDAbgE71N_qeJ3UaMkko3dHT-oK-a6VyZy9ZJq5hMmprHpXe2XUajIo37w3BYXEAE_in4mOAR3OcndOrxBgAA__8-jpg.webp,https://img.chime.me/imageemb/mls-listing/974/260006751/5552d220/1782247457/original_HMABCoAgDADAF7WNiVn9RoySSjfc6P1BV93VNsSyd9AqLgamedz6ZD9kNCjSsL_IxDNFTsxhjQulRCHSbxK49PwCAAD__w-jpg.webp,https://img.chime.me/imageemb/mls-listing/974/260006751/3cf0b446/1782247457/original_HMZRCoAgDADQE7WNhYndRoySSjfc6PyB7-tVd7UdsRwdtIqLgWkej77ZTxkNijTsHzLxRoEj85pCnE80LQK3Xn8AAAD__w-jpg.webp,,
1171390534,2712 Copper Flats Dr,available_for_sale,"{""addr1"":""2712 Copper Flats Dr"",""city"":""Reno"",""region"":""NV"",""country"":""US"",""postal_code"":""89521""}",for_sale_by_agent,house,975000 USD,2,2,1663,sq_ft,https://www.renosparkshomes.com/listing-detail/1171390534/2712-Copper-Flats-Dr-Reno-NV,https://cdn.lofty.com/image/fs/317646961813222/website/12213/mls-listing/2025930_37ef6b8ef645405b-jpeg.webp,https://cdn.lofty.com/image/fs/317646961813222/website/12213/mls-listing/2025930_9e80b26193714e70-jpeg.webp,https://cdn.lofty.com/image/fs/317646961813222/website/12213/mls-listing/2025930_2b1d55d5265c41fb-jpeg.webp,,
1163296626,486 Niles Way,available_for_sale,"{""addr1"":""486 Niles Way"",""city"":""Reno"",""region"":""NV"",""country"":""US"",""postal_code"":""89506""}",for_sale_by_agent,house,349000 USD,3,2,1152,sq_ft,https://www.renosparkshomes.com/listing-detail/1163296626/486-Niles-Way-Reno-NV,https://cdn.lofty.com/image/fs/317646961813222/website/12213/mls-listing/2025522__609d27f40c5b4736-jpeg.webp,https://cdn.lofty.com/image/fs/317646961813222/website/12213/mls-listing/2025522__24de4407f48b4338-jpeg.webp,https://cdn.lofty.com/image/fs/317646961813222/website/12213/mls-listing/2025522__a438c70d12934deb-jpeg.webp,,
1163296477,2020 Dickerson Rd,available_for_sale,"{""addr1"":""2020 Dickerson Rd"",""city"":""Reno"",""region"":""NV"",""country"":""US"",""postal_code"":""89503""}",for_sale_by_agent,house,479000 USD,2,2.5,1495,sq_ft,https://www.renosparkshomes.com/listing-detail/1163296477/2020-Dickerson-Rd-Reno-NV,https://cdn.lofty.com/image/fs/317646961813222/website/12213/mls-listing/2025522__c3201b71737d439d-jpeg.webp,https://cdn.lofty.com/image/fs/317646961813222/website/12213/mls-listing/2025522__5000364be4a44244-jpeg.webp,https://cdn.lofty.com/image/fs/317646961813222/website/12213/mls-listing/2025522__63ddf2fefedf4af8-jpeg.webp,,
